[
  {
    "type" : "npc_class",
    "id" : "NC_DOOMGUY",
    "name" : "Security",
    "common": true,
    "job_description" : "I'm just getting knee deep in the dead.",
    "bonus_str" : { "rng"  : [ 1, 4 ] },
    "bonus_dex" : { "rng"  : [ -1, 3 ] },
    "bonus_int" : { "rng"  : [ -3, 0 ] },
    "bonus_per" : { "rng"  : [ -3, 2 ] },
    "worn_override": "NC_DOOMGUY_worn",
    "carry_override": "NC_DOOMGUY_carried",
    "weapon_override": "NC_DOOMGUY_weapon",
    "traits": [
      { "collection": [ { "group": "trait_group_doomguy", "prob": 100 }, { "group": "basicFeatures", "prob": 100 } ] }
    ]
  }
]
